Filename,Distance
image_0106.jpg,0.20833826
image_0108.jpg,0.24906069
image_0119.jpg,0.2519492
image_0093.jpg,0.2538272
image_0090.jpg,0.261832
